{"cameraMode":{"drawMode":0,"name":"Shaded","section":"Shading Mode"},"sceneLighting":true,"audioPlay":false,"sceneViewState":{"m_AlwaysRefresh":false,"showFog":true,"showSkybox":true,"showFlares":true,"showImageEffects":true,"showParticleSystems":true,"showVisualEffectGraphs":true,"m_FxEnabled":false},"in2DMode":false,"pivot":{"x":-28.977964401245118,"y":3.443690538406372,"z":-14.84388542175293},"rotation":{"x":-0.006316667888313532,"y":0.9929805994033814,"z":-0.10013189911842346,"w":-0.06264066696166992},"size":15.046597480773926,"orthographic":false}